<?xml version="1.0" encoding="utf-8" ?>
<templates id="template" xml:space="preserve">
    <t t-name="Dashboard1">
        <div class="oh_dashboards"
             style="margin-top: 20px; overflow-y: scroll;vertical-align: middle;overflow-x: clip;max-height: -webkit-fill-available;">
            <div class="container-fluid o_hr_dashboard" style="margin-left:1px; margin-right:20px;">
            </div>
        </div>
    </t>

    <t t-name="Dashboard2">
        <div class="row main-section">
            <div class="col-md-4 col-sm-6 oh-payslip">
                            <div class="oh-card">
                                <div class="oh-card-body tot_leaves"
                                     style="box-shadow:5px 11px 30px; border-radius: 25px;">
                                    <div class="stat-widget-one"
                                         style="display:flex; background-color:#ec7063; border-radius: 25px;">
                                        <div class="stat-icon"><i class="fa fa-calendar" style="color: white;"/></div>
                                        <div class="stat-head" style="padding: 5%;width: 60%;  color: #FFF;">Leaves To Approve</div>
                                        <div class="stat_count" style="padding: 4%;width: 30%;  color: #FFF;"
                                             id="hr_leaves_tasks">
<!--                                                                        <t t-esc="widget.hr_leaves_tasks"/>-->
                                        </div>
                                    </div>
                                </div>
                            </div>
                        </div>


            <div class="col-md-4 col-sm-6 oh-payslip">
                    <div class="oh-card">
                        <div class="oh-card-body work_resumption"
                             style="box-shadow:5px 11px 30px; border-radius: 25px;">
                            <div class="stat-widget-one"
                                 style="display:flex; background-color:#1d8348; border-radius: 25px;">
                                <div class="stat-icon"><i class="fa fa-clock-o" style="color: white;"/></div>
                                <div class="stat-head" style="padding: 5%;width: 70%;  color: #FFF;">Work Resumption To Approve</div>
                                <div class="stat_count" style="padding: 4%;width: 30%;  color: #FFF;"
                                     id="hr_work_resumption">
                                </div>
                            </div>
                        </div>
                    </div>
                </div>


            <div class="col-md-4 col-sm-6 oh-payslip">
                <div class="oh-card">
                    <div class="oh-card-body status_change" style="box-shadow:5px 11px 30px; border-radius: 25px;">
                        <div class="stat-widget-one"
                             style="display:flex; background-color:#2e86c1; border-radius: 25px;">
                            <div class="stat-icon"><i class="fa fa-suitcase" style="color: white;"/></div>
                            <div class="stat-head"
                                 style="padding: 5%;width: 60%;color: #FFF; ">Status Change To Approve</div>
                            <div class="stat_count" style="padding: 4%;width: 30%;color: #FFF; " id="hr_status_change">
                            </div>
                        </div>
                    </div>
                </div>
            </div>


            <div class="col-md-4 col-sm-6 oh-payslip">
                    <div class="oh-card">
                        <div class="oh-card-body business_travel"
                             style="box-shadow:5px 11px 30px; border-radius: 25px;">
                            <div class="stat-widget-one"
                                 style="display:flex; background-color:#667943; border-radius: 25px;">
                                <div class="stat-icon"><i class="fa fa-user" style="color: white;"/></div>
                                <div class="stat-head"
                                     style="padding: 5%;width: 60%; color: #FFF; ">  Business Travel to Approve</div>
                                <div class="stat_count" style="padding: 4%;width: 30%;color: #FFF; "
                                     id="hr_business_travel">
                                </div>
                            </div>
                        </div>
                    </div>
            </div>


            <div class="col-md-4 col-sm-6 oh-payslip">
                    <div class="oh-card">
                        <div class="oh-card-body advanced_housing"
                             style="box-shadow:5px 11px 30px; border-radius: 25%;">
                            <div class="stat-widget-one"
                                 style="display:flex; background-color:#909497; border-radius: 25px;">
                                <div class="stat-icon"><i class="fa fa-ticket" style="color: white;"/></div>
                                <div class="stat-head" style="padding: 5%;width: 70%; color: #FFF;">Advance Housing to Approve</div>
                                <div class="stat_count" style="padding: 4%;width: 30%; color: #FFF;"
                                     id="hr_advanced_housing">
                                </div>
                            </div>
                        </div>
                    </div>
            </div>


            <div class="col-md-4 col-sm-6 oh-payslip">
                <div class="oh-card">
                    <div class="oh-card-body loans_approve" style="box-shadow:5px 11px 30px; border-radius: 25px;">
                        <div class="stat-widget-one"
                             style="display:flex; background-color:rgb(255, 86, 65); border-radius: 25px;">
                            <div class="stat-icon"><i class="fa fa-dollar" style="color: white;"/></div>
                            <div class="stat-head" style="padding: 5%;width: 60%; color: #FFF;">Loans to Approve</div>
                            <div class="stat_count" style="padding: 4%;width: 30%; color: #FFF;" id="hr_loans">
                            </div>
                        </div>
                    </div>
                </div>
            </div>


            <div class="col-md-4 col-sm-6 oh-payslip">
                <div class="oh-card">
                    <div class="oh-card-body nea_approve" style="box-shadow:5px 11px 30px; border-radius: 25px;">
                        <div class="stat-widget-one"
                             style="display:flex; background-color:#C06C84; border-radius: 25px;">
                            <div class="stat-icon"><i class="fa fa-tasks" style="color: white;"/></div>
                            <div class="stat-head" style="padding: 5%;width: 60%; color: #FFF;">NEA to Approve</div>
                            <div class="stat_count" style="padding: 4%;width: 30%; color: #FFF;" id="hr_nea">
                            </div>
                        </div>
                    </div>
                </div>
            </div>
        </div>


        <div class="o_hr_dashboard">
            <div class="row main-section" style="margin-top:0px;">
                <b><div style="margin-bottom:20px; font-size:25px; margin-left:600px;"> Pie Chart</div></b>
                <!-- Add doughnut charts for each function -->
                <div class="row">
                    <div class="col-md-2 col-sm-6" style="margin-left:500px;">
                        <canvas class="tot_leaves_chart"></canvas>
                    </div>
                    <div class="col-md-2 col-sm-6" style="padding-right:45px;">
                        <canvas class="work_resumption_chart"></canvas>
                    </div>
                </div>
                <div class="row">
                    <div class="col-md-2 col-sm-6" style="margin-top:-110px; margin-left:580px;">
                        <canvas class="status_change_chart"></canvas>
                    </div>
                </div>
                <div class="row">
                    <div class="col-md-2 col-sm-6" style="margin-top:-110px; margin-left:500px;">
                        <canvas class="business_travel_chart"></canvas>
                    </div>
                    <div class="col-md-2 col-sm-6" style="margin-top:-110px; padding-right:35px;">
                        <canvas class="advanced_housing_chart"></canvas>
                    </div>
                </div>
                <div class="row">
                    <div class="col-md-2 col-sm-6" style="margin-top:-110px; margin-left:500px;">
                        <canvas class="loans_approve_chart"></canvas>
                    </div>
                    <div class="col-md-2 col-sm-6" style="margin-top:-110px; padding-right:35px;">
                        <canvas class="nea_approve_chart"></canvas>
                    </div>
                </div>
            </div>
        </div>


    </t>
</templates>



